A1,A2,A3,A4,A5,heat,time
17.97,17.58,18.07,18.26,17.48,0.0,4.0
18.26,17.68,18.16,18.55,17.77,0.0,28.0
18.16,17.77,18.26,18.36,17.77,0.0,54.0
18.36,17.68,18.16,18.65,17.77,0.0,79.0
18.36,17.38,18.36,18.46,17.48,0.0,116.0
18.26,17.68,18.36,18.46,17.87,0.0,155.0
18.07,17.68,18.55,18.46,17.77,0.0,194.0
18.16,17.87,18.46,18.65,17.87,0.0,232.0
18.46,17.68,18.26,18.75,17.97,0.0,271.0
18.16,17.68,18.16,18.55,17.87,0.0,309.0
18.26,17.58,18.26,18.36,17.97,0.0,348.0
18.26,17.48,18.26,18.46,17.87,0.0,387.0
17.87,17.68,18.07,18.75,17.58,0.0,424.0
18.16,17.48,18.16,18.36,17.68,0.0,463.0
18.36,17.58,18.46,18.36,17.97,0.0,501.0
18.16,17.58,18.16,18.36,17.77,0.0,540.0
18.16,17.58,18.16,18.36,17.87,0.0,578.0
18.36,17.58,18.16,18.36,17.77,0.0,617.0
18.07,17.58,18.26,18.36,17.68,0.0,656.0
18.07,17.77,18.26,18.46,17.87,0.0,694.0
18.16,17.48,18.36,18.55,17.58,0.0,733.0
18.16,17.48,18.16,18.65,17.77,0.0,771.0
18.26,17.48,18.26,18.55,17.77,0.0,809.0
18.16,17.77,18.16,18.55,17.48,0.0,847.0
18.26,17.48,17.97,18.55,17.87,0.0,886.0
18.07,17.58,18.07,18.36,17.58,0.0,925.0
18.36,17.77,18.16,18.85,17.87,0.0,963.0
18.16,17.48,18.36,18.65,17.77,0.0,1002.0
18.16,17.58,18.26,18.46,17.77,0.0,1041.0
18.36,17.48,18.07,18.55,17.97,0.0,1081.0
18.26,17.58,18.36,18.55,17.97,0.0,1121.0
18.46,17.87,18.16,18.36,17.87,0.0,1160.0
18.36,17.58,18.26,18.65,17.87,0.0,1200.0
18.26,17.68,18.07,18.46,17.87,0.0,1239.0
18.26,17.58,18.26,18.75,17.77,0.0,1278.0
18.26,17.68,18.36,18.36,17.77,0.0,1318.0
17.97,17.68,18.36,18.46,17.58,0.0,1357.0
17.97,17.68,18.16,18.55,17.87,0.0,1397.0
18.36,17.68,18.36,18.46,17.77,0.0,1436.0
18.26,17.58,18.07,18.55,17.77,0.0,1476.0
18.16,17.77,18.26,18.65,17.77,0.0,1515.0
17.97,17.68,18.26,18.55,17.77,0.0,1555.0
18.26,17.58,18.16,18.75,17.68,0.0,1595.0
18.07,17.77,18.26,18.55,17.68,0.0,1634.0
18.36,17.87,18.36,18.55,17.68,0.0,1674.0
18.16,17.68,18.26,18.65,17.68,0.0,1713.0
18.07,17.58,18.36,18.65,17.48,0.0,1753.0
18.07,17.58,18.16,18.46,17.68,0.0,1793.0
18.16,17.77,18.26,18.55,17.77,0.0,1831.0
18.46,17.58,18.16,18.36,17.77,0.0,1871.0
18.26,17.58,18.36,18.55,17.68,0.0,1910.0
18.36,17.58,17.97,18.55,18.07,0.0,1950.0
18.26,17.58,18.26,18.65,17.68,0.0,1990.0
18.26,17.77,18.16,18.65,17.77,0.0,2029.0
18.07,17.68,18.36,18.75,17.97,0.0,2069.0
18.26,17.58,18.16,18.26,17.97,0.0,2108.0
18.36,17.58,18.55,18.46,17.68,0.0,2148.0
18.36,17.68,18.16,18.75,17.77,0.0,2188.0
18.16,17.77,18.16,18.65,17.58,0.0,2227.0
18.16,17.87,18.36,18.55,17.87,0.0,2267.0
18.36,17.68,18.16,18.55,17.97,0.0,2306.0
18.26,17.58,18.26,18.46,17.68,0.0,2345.0
18.26,17.58,18.46,18.75,17.97,0.0,2385.0
18.36,17.77,18.26,18.55,17.97,0.0,2424.0
17.97,17.48,18.07,18.16,17.58,0.0,2464.0
18.36,17.68,18.36,18.65,17.77,0.0,2503.0
18.16,17.68,18.46,18.85,17.58,0.0,2543.0
18.16,17.68,18.46,18.26,18.16,0.0,2583.0
18.46,17.58,18.07,18.46,18.16,0.0,2622.0
18.46,17.58,18.07,18.55,17.77,0.0,2662.0
18.36,17.68,18.36,18.65,17.77,0.0,2701.0
18.36,17.77,18.36,18.16,17.77,0.0,2741.0
18.16,17.77,18.26,18.55,17.87,0.0,2780.0
18.16,17.68,18.16,18.75,17.77,0.0,2820.0
18.26,17.58,18.36,18.65,17.68,0.0,2860.0
17.97,17.77,18.46,18.46,17.58,0.0,2898.0
18.07,17.68,18.36,18.26,17.68,0.0,2938.0
18.26,17.48,18.16,18.65,17.77,0.0,2977.0
18.26,17.58,18.16,18.55,17.68,0.0,3017.0
18.26,17.48,18.16,18.26,17.87,0.0,3057.0
18.16,17.77,18.16,18.65,17.68,0.0,3096.0
18.65,17.68,18.16,18.46,18.07,0.0,3136.0
18.26,17.68,18.16,18.46,17.68,0.0,3175.0
18.46,17.68,18.36,18.75,17.97,0.0,3215.0
18.07,17.58,18.46,18.65,17.68,0.0,3255.0
18.26,17.58,18.26,18.46,17.97,0.0,3294.0
18.16,17.48,18.07,18.55,17.77,0.0,3334.0
18.16,17.87,18.16,18.55,17.68,0.0,3373.0
18.26,17.58,18.26,18.36,17.87,0.0,3412.0
18.36,17.68,18.16,18.55,17.58,0.0,3452.0
18.16,17.58,18.36,18.65,17.77,0.0,3491.0
18.07,17.58,18.26,18.36,17.77,0.0,3531.0
18.07,17.58,18.36,18.55,17.87,0.0,3570.0
18.26,17.58,18.26,18.65,17.87,0.0,3610.0
18.07,17.58,18.26,18.46,17.58,0.0,3650.0
18.36,17.58,18.36,18.36,17.77,0.0,3689.0
18.26,17.77,18.26,18.36,17.87,0.0,3729.0
18.46,17.58,18.36,18.75,17.58,0.0,3768.0
18.26,17.58,18.16,18.46,17.87,0.0,3808.0
18.26,17.77,18.36,18.46,17.77,0.0,3848.0
18.07,17.77,18.36,18.75,17.77,0.0,3887.0
18.16,17.48,18.36,18.65,17.87,0.0,3927.0
18.16,17.58,18.16,18.55,17.77,0.0,3965.0
18.36,17.77,18.26,18.46,17.58,0.0,4005.0
18.16,17.58,18.16,18.36,17.58,0.0,4044.0
18.26,17.68,18.16,18.75,17.77,0.0,4084.0
18.36,17.58,18.07,18.36,17.77,0.0,4124.0
18.16,17.68,18.16,18.55,17.77,0.0,4163.0
18.46,17.58,18.16,18.36,17.77,0.0,4203.0
18.16,17.68,18.26,18.65,17.97,0.0,4242.0
18.16,17.58,18.16,18.55,17.87,0.0,4282.0
18.16,17.48,18.26,18.65,17.77,0.0,4322.0
18.36,17.48,18.26,18.65,17.87,0.0,4361.0
18.26,17.68,18.26,18.55,17.58,0.0,4401.0
18.16,17.58,18.26,18.46,17.68,0.0,4440.0
18.36,17.68,18.16,18.46,17.48,0.0,4480.0
18.16,17.68,18.07,18.55,17.87,0.0,4519.0
18.36,17.77,18.16,18.46,17.77,0.0,4558.0
18.07,17.58,18.26,18.55,17.68,0.0,4598.0
18.26,17.77,18.16,18.26,17.77,0.0,4637.0
18.36,17.77,18.36,18.55,17.77,0.0,4677.0
18.07,17.48,18.07,18.26,17.68,0.0,4717.0
18.26,17.68,18.16,18.46,17.68,0.0,4756.0
18.16,17.58,18.16,18.36,17.58,0.0,4796.0
18.26,17.68,18.07,18.36,17.77,0.0,4835.0
18.07,17.68,18.16,18.55,17.58,0.0,4875.0
18.07,17.68,18.16,18.65,17.87,0.0,4915.0
18.26,17.58,18.26,18.46,17.77,0.0,4954.0
18.36,17.77,18.36,18.65,17.77,0.0,4994.0
18.26,17.77,18.26,18.55,17.68,0.0,5032.0
18.26,17.58,18.46,18.65,17.48,0.0,5072.0
18.26,17.77,18.16,18.46,17.68,0.0,5112.0
18.16,17.77,18.26,18.46,17.58,0.0,5151.0
18.26,17.48,18.07,18.36,17.68,0.0,5191.0
18.26,17.68,18.16,18.46,17.77,0.0,5230.0
18.36,17.58,18.26,18.75,17.77,0.0,5270.0
18.26,17.48,18.16,18.26,17.68,0.0,5309.0
18.16,17.77,18.16,18.65,17.77,0.0,5349.0
17.97,17.58,18.36,18.55,17.68,0.0,5389.0
18.16,17.58,18.16,18.55,17.58,0.0,5428.0
18.46,17.58,18.16,18.75,17.68,0.0,5468.0
18.16,17.68,18.26,18.36,17.77,0.0,5507.0
18.16,17.68,18.26,18.65,17.77,0.0,5547.0
18.16,17.68,18.26,18.36,17.68,0.0,5586.0
18.36,17.87,18.46,18.65,17.87,0.0,5625.0
17.97,17.68,18.26,18.26,17.68,0.0,5665.0
18.16,17.77,18.46,18.85,17.77,0.0,5704.0
18.36,17.68,18.26,18.46,17.58,0.0,5744.0
18.36,17.58,17.97,18.07,17.48,0.0,5784.0
18.36,17.58,18.16,18.36,17.68,0.0,5823.0
18.36,17.48,18.36,18.55,17.58,0.0,5863.0
18.26,17.87,18.26,18.75,17.87,0.0,5902.0
18.26,17.77,18.46,18.75,17.77,0.0,5942.0
18.16,17.68,18.07,18.36,17.68,0.0,5982.0
18.36,17.48,18.07,18.36,17.87,0.0,6021.0
18.36,17.58,18.26,18.65,17.77,0.0,6061.0
18.16,17.58,18.16,18.55,17.87,0.0,6099.0
18.07,17.77,18.26,18.46,17.58,0.0,6139.0
18.16,17.48,18.26,18.55,17.58,0.0,6179.0
18.07,17.68,18.36,18.46,17.77,0.0,6218.0
18.16,17.68,18.26,18.55,17.87,0.0,6258.0
18.16,17.77,18.16,18.55,17.97,0.0,6297.0
18.46,17.68,18.16,18.55,17.87,0.0,6337.0
18.36,17.58,18.16,18.46,17.87,0.0,6377.0
18.16,17.68,18.36,18.75,17.58,0.0,6416.0
18.46,17.58,18.16,18.46,17.87,0.0,6456.0
18.26,17.48,18.16,18.46,17.68,0.0,6495.0
17.97,17.77,18.46,18.46,17.77,0.0,6535.0
18.07,17.48,18.46,18.46,17.48,0.0,6574.0
18.16,17.48,18.16,18.75,17.87,0.0,6614.0
18.46,17.68,18.26,18.36,17.58,0.0,6653.0
18.26,17.68,18.07,18.85,17.97,0.0,6692.0
18.26,17.77,18.26,18.65,17.87,0.0,6732.0
18.16,17.68,18.16,18.46,17.68,0.0,6771.0
18.26,17.87,18.26,18.46,17.87,0.0,6811.0
18.07,17.87,18.46,18.55,17.97,0.0,6851.0
18.36,17.68,17.97,18.75,18.07,0.0,6890.0
18.36,17.77,18.36,18.55,17.97,0.0,6930.0
18.16,17.58,18.16,18.65,17.68,0.0,6969.0
18.26,17.77,18.36,18.55,17.87,0.0,7009.0
18.36,17.58,18.36,18.65,17.68,0.0,7049.0
18.46,17.68,18.16,18.65,17.87,0.0,7088.0
18.36,17.48,18.16,18.46,17.97,0.0,7128.0
18.36,17.87,18.36,18.55,17.97,0.0,7166.0
18.36,17.48,18.16,18.55,18.07,0.0,7206.0
18.16,17.68,18.36,18.75,17.77,0.0,7246.0
18.46,17.58,18.26,18.65,17.68,0.0,7285.0
18.16,17.77,17.97,18.75,17.87,0.0,7325.0
18.16,17.58,18.07,18.55,17.68,0.0,7364.0
18.16,17.58,18.16,18.55,17.58,0.0,7404.0
18.46,17.77,18.36,18.65,17.68,0.0,7444.0
18.26,17.68,18.16,18.65,17.87,0.0,7483.0
18.26,17.68,18.55,18.75,17.58,0.0,7523.0
18.26,17.48,18.16,18.65,17.58,0.0,7562.0
18.26,17.68,18.26,18.46,17.77,0.0,7602.0
18.26,17.68,18.07,18.46,17.97,0.0,7642.0
18.16,17.38,17.87,18.36,17.68,0.0,7681.0
18.36,17.68,18.46,18.55,17.68,0.0,7720.0
17.97,17.77,18.16,18.46,18.16,0.0,7759.0
18.16,17.48,18.16,18.75,17.77,0.0,7799.0
18.07,17.68,18.16,18.46,17.68,0.0,7838.0
18.16,17.58,18.36,18.65,17.87,0.0,7878.0
18.16,17.77,18.26,18.65,17.77,0.0,7918.0
18.16,17.77,18.26,18.55,17.77,0.0,7957.0
18.07,17.68,17.97,18.46,17.68,0.0,7997.0
18.36,17.68,18.16,18.65,17.87,0.0,8036.0
18.26,17.77,18.26,18.65,17.58,0.0,8076.0
18.07,17.87,18.36,18.65,17.77,0.0,8116.0
18.26,17.68,18.26,18.26,17.68,0.0,8155.0
18.46,17.77,18.26,18.65,17.87,0.0,8195.0
18.36,17.77,18.26,18.46,17.68,0.0,8233.0
18.26,17.68,18.26,18.46,17.48,0.0,8273.0
18.16,17.68,18.26,18.55,17.97,0.0,8313.0
18.16,17.87,18.36,18.65,17.87,0.0,8352.0
18.16,17.58,18.16,18.26,17.58,0.0,8392.0
17.97,17.58,17.97,18.65,17.77,0.0,8431.0
18.16,17.68,18.16,18.75,17.68,0.0,8471.0
18.26,17.77,18.36,18.46,17.68,0.0,8511.0
18.26,17.48,18.26,18.65,17.68,0.0,8550.0
18.07,17.68,18.16,18.46,17.97,0.0,8590.0
18.36,17.58,18.46,18.65,17.77,0.0,8629.0
18.36,17.58,18.16,18.36,17.58,0.0,8669.0
18.16,17.58,18.16,18.65,17.68,0.0,8709.0
18.16,17.68,18.16,18.46,17.77,0.0,8748.0
18.16,17.87,18.36,18.55,17.77,0.0,8787.0
18.16,17.68,18.26,18.46,17.58,0.0,8826.0
18.26,17.68,18.26,18.46,17.77,0.0,8866.0
18.36,17.68,18.36,18.65,17.77,0.0,8906.0
18.26,17.77,18.36,18.85,17.68,0.0,8945.0
18.16,17.58,18.16,18.46,17.68,0.0,8985.0
18.36,17.77,18.26,18.55,17.68,0.0,9024.0
18.26,17.48,18.26,18.46,17.68,0.0,9064.0
18.26,17.68,18.36,18.46,17.97,0.0,9103.0
18.07,17.58,18.26,18.55,17.48,0.0,9143.0
17.97,17.68,18.26,18.75,17.68,0.0,9183.0
17.97,17.48,18.07,18.26,17.97,0.0,9222.0
18.26,17.68,18.26,18.55,17.68,0.0,9262.0
18.26,17.68,18.26,18.75,17.68,0.0,9300.0
18.07,17.48,18.46,18.55,17.68,0.0,9340.0
18.07,17.77,18.16,18.36,17.68,0.0,9380.0
18.16,17.87,18.26,18.55,17.68,0.0,9419.0
18.16,17.58,18.26,18.65,17.68,0.0,9459.0
18.16,17.58,18.16,18.55,17.58,0.0,9498.0
18.36,17.68,18.36,18.46,17.58,0.0,9538.0
18.46,17.77,18.26,18.55,17.77,0.0,9578.0
18.16,17.87,18.36,18.65,17.77,0.0,9617.0
18.36,17.68,18.36,18.36,17.38,0.0,9657.0
17.87,17.97,18.16,18.75,17.68,0.0,9696.0
18.07,17.68,18.55,18.55,17.58,0.0,9736.0
18.26,17.58,18.16,18.55,17.68,0.0,9776.0
18.07,17.77,18.16,18.55,17.68,0.0,9815.0
17.97,17.58,18.36,18.75,17.77,0.0,9854.0
17.97,17.77,18.16,18.55,17.58,0.0,9893.0
18.07,17.58,18.26,18.75,17.68,0.0,9933.0
17.87,17.48,18.16,18.65,17.58,0.0,9973.0
18.07,17.77,18.36,18.65,17.58,0.0,10012.0
17.97,17.87,18.46,18.55,17.38,0.0,10053.0
18.16,17.77,18.26,18.65,17.68,0.0,10093.0
18.07,17.68,18.36,18.65,17.68,0.0,10134.0
18.16,17.58,18.16,18.65,17.68,0.0,10175.0
17.87,17.77,18.36,18.65,17.77,0.0,10215.0
18.07,17.58,18.26,18.65,17.58,0.0,10256.0
18.16,17.77,18.16,18.46,17.77,0.0,10296.0
18.16,17.68,18.16,18.55,17.68,0.0,10337.0
18.07,17.68,18.16,18.46,17.58,0.0,10378.0
18.26,17.77,18.16,18.65,17.48,0.0,10418.0
18.16,17.87,18.26,18.55,17.68,0.0,10459.0
17.77,17.48,18.16,18.55,17.58,0.0,10499.0
18.16,17.58,18.26,18.65,17.68,0.0,10540.0
17.77,17.58,18.26,18.55,17.58,0.0,10580.0
18.16,17.87,18.26,18.46,17.68,0.0,10620.0
18.16,17.58,18.36,18.55,17.58,0.0,10661.0
18.26,17.48,18.36,18.16,17.68,0.0,10701.0
18.26,17.68,18.07,18.36,17.77,0.0,10742.0
17.97,17.87,18.16,18.36,17.58,0.0,10783.0
18.46,17.68,18.16,18.55,18.07,0.0,10823.0
18.26,17.58,18.16,18.46,17.68,0.0,10864.0
18.16,17.68,18.26,18.55,17.48,0.0,10905.0
18.16,17.68,18.16,18.65,17.68,0.0,10945.0
18.36,17.68,18.36,18.36,18.07,0.0,10986.0
18.16,17.77,18.26,18.46,17.68,0.0,11026.0
18.07,17.58,18.26,18.55,17.58,0.0,11067.0
18.16,17.38,18.26,18.55,17.58,0.0,11108.0
17.97,17.77,18.46,18.46,17.87,0.0,11148.0
18.16,17.68,18.26,18.65,17.77,0.0,11189.0
18.16,17.68,18.26,18.36,17.68,0.0,11229.0
18.16,17.97,18.16,18.46,17.77,0.0,11270.0
18.26,17.58,18.16,18.75,17.77,0.0,11311.0
18.07,17.68,18.07,18.36,17.58,0.0,11351.0
18.16,17.68,18.16,18.36,17.77,0.0,11392.0
18.26,17.58,18.07,18.55,17.77,0.0,11431.0
18.16,17.58,18.46,18.46,17.87,0.0,11472.0
18.07,17.68,18.26,18.46,17.68,0.0,11513.0
17.97,17.68,18.46,18.46,17.48,0.0,11553.0
18.07,17.58,18.16,18.55,17.68,0.0,11594.0
18.26,17.48,18.07,18.46,17.68,0.0,11635.0
17.97,17.87,18.16,18.55,17.77,0.0,11675.0
18.16,17.77,18.07,18.55,17.68,0.0,11716.0
18.07,17.58,18.16,18.46,17.77,0.0,11756.0
18.07,17.68,18.07,18.46,17.77,0.0,11797.0
18.07,17.58,18.26,18.55,17.77,0.0,11838.0
17.97,17.48,18.16,18.46,17.48,0.0,11878.0
18.16,17.58,18.46,18.55,17.68,0.0,11919.0
18.16,17.77,18.36,18.55,17.77,0.0,11959.0
18.16,17.58,18.07,18.65,17.58,0.0,12000.0
18.26,17.58,18.07,18.85,17.68,0.0,12041.0
18.16,17.68,18.16,18.55,17.77,0.0,12081.0
18.26,17.68,18.26,18.46,17.58,0.0,12122.0
18.46,17.58,17.97,18.65,17.77,0.0,12162.0
18.07,17.68,18.26,18.65,17.68,0.0,12203.0
17.97,17.58,18.26,18.46,17.58,0.0,12243.0
18.16,17.87,18.26,18.55,17.77,0.0,12283.0
18.07,17.77,18.36,18.55,17.77,0.0,12324.0
17.97,17.58,18.07,18.65,17.97,0.0,12364.0
18.07,17.77,18.16,18.65,17.77,0.0,12405.0
18.46,17.68,18.36,18.65,17.68,0.0,12446.0
18.16,17.58,18.26,18.55,17.97,0.0,12486.0
18.26,17.38,17.97,18.65,17.87,0.0,12527.0
18.07,17.58,18.07,18.65,17.77,0.0,12568.0
18.36,17.48,18.26,18.65,17.77,0.0,12608.0
18.16,17.58,18.16,18.46,17.87,0.0,12649.0
18.26,17.68,18.26,18.55,17.68,0.0,12689.0
18.07,17.48,18.36,18.75,17.68,0.0,12730.0
18.16,17.87,18.16,18.75,17.87,0.0,12771.0
18.36,17.58,18.26,18.55,17.68,0.0,12811.0
18.26,17.48,17.97,18.65,17.77,0.0,12852.0
18.36,17.68,18.07,18.65,18.07,0.0,12892.0
18.26,17.87,18.36,18.55,17.68,0.0,12933.0
18.07,17.68,18.16,18.65,17.77,0.0,12974.0
18.26,17.58,18.26,18.75,17.87,0.0,13014.0
18.16,17.68,18.26,18.55,17.87,0.0,13054.0
18.16,17.58,18.07,18.55,17.77,0.0,13094.0
18.07,17.48,18.46,18.55,17.68,0.0,13135.0
18.16,17.68,18.26,18.46,17.48,0.0,13176.0
18.26,17.77,18.55,18.75,17.87,0.0,13216.0
17.87,17.58,18.36,18.65,17.77,0.0,13257.0
18.36,17.58,18.26,18.46,17.77,0.0,13297.0
18.26,17.58,18.16,18.46,17.87,0.0,13338.0
18.36,17.48,18.16,18.65,17.77,0.0,13379.0
18.16,17.38,18.16,18.85,17.87,0.0,13419.0
18.26,17.48,18.26,18.65,17.77,0.0,13460.0
18.16,17.68,18.16,18.75,17.87,0.0,13501.0
18.26,17.77,18.36,18.55,17.77,0.0,13541.0
18.16,17.77,18.07,18.55,17.97,0.0,13582.0
18.07,17.68,18.26,18.65,17.87,0.0,13622.0
18.16,17.68,18.07,18.46,17.77,0.0,13663.0
18.07,17.68,18.36,18.26,17.48,0.0,13704.0
18.16,17.48,18.07,18.55,17.77,0.0,13744.0
18.36,17.58,18.16,18.55,17.77,0.0,13785.0
18.46,17.68,18.16,18.36,17.77,0.0,13825.0
18.07,17.68,18.26,18.46,17.68,0.0,13865.0
18.16,17.58,18.26,18.65,17.68,0.0,13906.0
18.16,17.48,18.07,18.75,17.68,0.0,13946.0
18.36,17.58,18.36,18.46,17.97,0.0,13987.0
18.16,17.58,18.26,18.65,17.87,0.0,14027.0
18.36,17.58,18.36,18.65,17.97,0.0,14068.0
18.26,17.68,18.26,18.55,17.87,0.0,14109.0
18.16,17.87,18.16,18.65,17.68,0.0,14149.0
18.07,17.58,18.36,18.65,17.97,0.0,14190.0
18.07,17.87,18.07,18.46,17.87,0.0,14231.0
18.16,17.58,18.16,18.55,17.77,0.0,14271.0
18.16,17.77,18.36,18.46,17.68,0.0,14312.0
18.16,17.68,18.26,18.55,17.77,0.0,14352.0
18.16,17.58,18.36,18.55,17.87,0.0,14393.0
18.36,17.68,18.36,18.55,17.77,0.0,14434.0
18.16,17.77,18.26,18.55,17.58,0.0,14474.0
18.07,17.68,18.16,18.65,17.87,0.0,14515.0
18.36,17.68,18.36,18.75,17.77,0.0,14555.0
18.16,17.68,18.26,18.65,17.77,0.0,14596.0
18.26,17.58,18.07,18.36,17.68,0.0,14637.0
18.26,17.68,18.26,18.36,17.77,0.0,14676.0
18.26,17.58,18.16,18.65,17.97,0.0,14717.0
18.16,17.58,18.26,18.75,17.77,0.0,14757.0
18.26,17.87,18.16,18.55,17.87,0.0,14798.0
18.16,17.68,18.16,18.65,17.68,0.0,14839.0
18.26,17.68,18.36,18.65,17.87,0.0,14879.0
18.26,17.38,18.26,18.46,17.58,0.0,14920.0
18.26,17.38,17.97,18.65,18.07,0.0,14960.0
18.07,17.87,18.36,18.75,17.97,0.0,15001.0
18.26,17.68,18.26,18.75,17.77,0.0,15042.0
18.26,17.77,18.26,18.65,17.87,0.0,15082.0
18.36,17.68,18.26,18.36,17.77,0.0,15123.0
18.36,17.77,18.26,18.75,17.68,0.0,15164.0
18.26,17.58,18.26,18.55,18.07,0.0,15204.0
18.36,17.87,18.36,18.65,17.87,0.0,15245.0
18.07,17.58,18.46,18.65,17.87,0.0,15285.0
18.46,17.68,18.36,18.36,17.68,0.0,15326.0
18.16,17.77,18.26,18.55,17.97,0.0,15367.0
18.36,17.68,18.46,18.65,17.97,0.0,15407.0
18.36,17.58,18.26,18.55,17.77,0.0,15448.0
18.26,17.58,17.97,18.75,17.77,0.0,15488.0
18.36,17.58,18.36,18.75,17.87,0.0,15528.0
18.26,17.87,18.07,18.75,17.68,0.0,15569.0
18.46,17.68,18.16,18.55,17.97,0.0,15609.0
18.26,17.77,18.26,18.55,17.58,0.0,15650.0
17.97,17.68,18.26,18.65,17.87,0.0,15690.0
18.26,17.68,18.26,18.65,17.87,0.0,15731.0
18.36,17.48,18.16,18.26,17.77,0.0,15772.0
18.16,17.58,18.26,18.36,17.87,0.0,15812.0
18.26,17.48,18.16,18.55,17.87,0.0,15853.0
18.36,17.77,18.26,18.65,18.07,0.0,15893.0
18.46,17.68,18.16,18.46,17.77,0.0,15934.0
18.16,17.68,18.26,18.55,17.97,0.0,15975.0
18.16,17.68,18.16,18.75,17.87,0.0,16015.0
18.26,17.77,18.26,18.75,17.97,0.0,16056.0
18.26,17.38,18.16,18.65,17.97,0.0,16097.0
18.46,17.68,18.26,18.55,18.07,0.0,16137.0
18.36,17.77,18.26,18.46,18.07,0.0,16178.0
18.55,17.77,18.16,18.46,17.97,0.0,16218.0
18.16,17.68,18.26,18.75,17.97,0.0,16259.0
18.16,17.77,18.16,18.75,17.77,0.0,16300.0
18.16,17.68,18.36,18.55,17.68,0.0,16339.0
18.16,17.58,18.07,18.75,17.87,0.0,16380.0
18.16,17.68,18.46,18.65,17.87,0.0,16420.0
18.36,17.58,18.16,18.55,17.97,0.0,16461.0
18.07,17.68,18.26,18.65,17.77,0.0,16502.0
18.16,17.77,18.16,18.55,17.77,1.0,16542.0
18.26,17.87,18.26,18.55,17.97,1.0,16583.0
18.16,17.58,18.07,18.85,17.68,1.0,16623.0
18.36,17.58,17.97,18.75,17.77,1.0,16664.0
18.16,17.48,18.16,18.55,17.97,1.0,16705.0
18.16,17.58,18.26,18.46,17.58,1.0,16745.0
18.26,17.77,18.46,18.65,17.68,1.0,16786.0
18.26,17.77,18.26,18.65,17.87,1.0,16827.0
18.16,17.58,18.26,18.46,17.58,1.0,16867.0
18.16,17.58,18.26,18.55,17.77,1.0,16908.0
17.97,17.58,18.26,18.55,17.77,1.0,16948.0
18.26,17.58,18.07,18.85,18.07,1.0,16989.0
18.16,17.58,18.55,18.55,17.48,1.0,17030.0
18.07,17.58,18.07,18.36,17.68,1.0,17070.0
18.55,17.58,18.26,18.65,17.97,1.0,17111.0
18.16,17.68,18.26,18.65,17.87,1.0,17150.0
18.16,17.58,17.97,18.26,17.68,1.0,17191.0
18.16,17.77,18.36,18.75,17.77,1.0,17232.0
18.16,17.77,18.36,18.46,17.68,1.0,17272.0
18.26,17.48,18.16,18.55,17.77,1.0,17313.0
18.16,17.58,18.36,18.46,17.68,1.0,17353.0
18.16,17.58,18.16,18.55,17.58,1.0,17394.0
18.16,17.68,18.36,18.55,17.68,1.0,17435.0
18.36,17.77,18.26,18.46,17.58,1.0,17475.0
18.07,17.58,18.07,18.65,17.58,1.0,17516.0
18.16,17.68,18.26,18.55,17.87,1.0,17556.0
18.16,17.58,18.07,18.55,17.58,1.0,17597.0
18.26,17.58,18.36,18.46,17.68,1.0,17638.0
18.07,17.68,18.36,18.36,17.68,1.0,17678.0
18.46,17.68,18.36,18.55,17.48,1.0,17719.0
18.16,17.58,18.46,18.46,17.58,1.0,17760.0
18.26,17.87,18.36,18.46,17.77,1.0,17800.0
18.26,17.48,18.16,18.46,17.87,1.0,17841.0
18.16,17.58,18.26,18.55,17.87,1.0,17881.0
18.26,17.58,18.07,18.55,17.77,1.0,17922.0
18.16,17.68,18.16,18.36,17.77,1.0,17963.0
18.16,17.58,18.55,18.65,17.58,1.0,18002.0
18.46,17.68,18.16,18.65,17.97,1.0,18043.0
18.16,17.48,18.07,18.36,17.58,1.0,18083.0
18.26,17.77,18.26,18.46,17.97,1.0,18124.0
17.87,17.68,18.16,18.55,17.77,1.0,18165.0
18.55,17.68,18.07,18.36,17.77,1.0,18205.0
18.36,17.58,18.07,18.65,17.77,1.0,18246.0
18.16,17.77,18.16,18.65,17.87,1.0,18286.0
18.26,17.48,18.26,18.65,17.68,1.0,18327.0
18.26,17.48,18.16,18.46,17.77,1.0,18368.0
18.26,17.68,18.26,18.85,17.77,1.0,18408.0
18.26,17.97,18.16,18.46,17.97,1.0,18449.0
18.07,17.48,18.36,18.65,17.77,1.0,18489.0
17.87,17.68,18.07,18.65,17.58,1.0,18530.0
18.16,17.68,18.16,18.75,17.68,1.0,18571.0
18.16,17.48,18.26,18.65,17.97,1.0,18611.0
18.16,17.58,18.16,18.55,17.58,1.0,18652.0
18.07,17.87,18.07,18.65,17.77,1.0,18693.0
18.16,17.58,18.26,18.65,17.77,1.0,18733.0
18.16,17.68,18.26,18.46,17.68,1.0,18774.0
18.26,17.77,18.36,18.36,17.58,1.0,18813.0
17.97,17.68,17.97,18.36,17.58,1.0,18854.0
18.16,17.48,18.16,18.65,17.58,1.0,18895.0
18.16,17.58,18.36,18.55,17.77,1.0,18935.0
18.07,17.77,18.26,18.55,17.77,1.0,18976.0
18.36,17.68,18.07,18.55,17.87,1.0,19016.0
18.26,17.48,18.16,18.55,17.77,1.0,19057.0
18.07,17.68,18.26,18.46,17.68,1.0,19098.0
18.16,17.68,18.36,18.16,18.07,1.0,19138.0
18.16,17.48,18.16,18.65,17.77,1.0,19179.0
18.36,17.48,18.26,18.46,17.77,1.0,19219.0
18.07,17.58,18.07,18.46,17.87,1.0,19260.0
18.36,17.48,18.16,18.55,17.87,1.0,19301.0
18.16,17.58,18.07,18.55,17.77,1.0,19341.0
17.97,17.58,18.16,18.46,17.87,1.0,19382.0
18.07,17.68,18.36,18.55,17.58,1.0,19423.0
18.26,17.48,17.87,18.65,17.77,1.0,19463.0
18.16,17.68,18.16,18.65,17.68,1.0,19504.0
18.36,17.87,18.26,18.75,17.97,1.0,19544.0
18.16,17.87,18.07,18.65,17.87,1.0,19585.0
18.36,17.58,18.07,18.65,17.97,1.0,19625.0
18.26,17.68,18.16,18.55,17.87,1.0,19665.0
18.16,17.68,18.07,18.55,17.87,1.0,19706.0
18.26,17.48,18.16,18.46,17.97,1.0,19746.0
18.36,17.77,18.26,18.65,17.87,1.0,19787.0
17.97,17.58,18.46,18.65,17.68,1.0,19828.0
18.26,17.48,18.07,18.65,17.87,1.0,19868.0
18.16,17.58,18.16,18.65,17.97,1.0,19909.0
18.46,17.68,18.26,18.55,17.97,1.0,19949.0
18.07,17.77,18.46,18.36,17.58,1.0,19990.0
18.26,17.77,18.26,18.46,17.77,1.0,20031.0
18.07,17.48,18.26,18.65,17.48,1.0,20071.0
18.26,17.68,18.36,18.46,17.38,1.0,20112.0
18.16,17.48,18.16,18.55,17.77,1.0,20152.0
18.07,17.58,18.26,18.75,17.77,1.0,20193.0
17.97,17.87,18.36,18.55,17.58,1.0,20234.0
18.07,17.68,18.26,18.55,17.68,1.0,20274.0
18.07,17.48,17.87,18.36,17.48,1.0,20315.0
18.16,17.58,18.26,18.65,17.58,1.0,20356.0
18.16,17.68,18.55,18.26,17.58,1.0,20396.0
18.26,17.58,18.07,18.65,17.77,1.0,20436.0
18.26,17.68,18.16,18.55,17.77,1.0,20476.0
18.26,17.68,18.55,18.65,17.48,1.0,20517.0
18.07,17.48,18.16,18.55,17.68,1.0,20558.0
18.16,17.68,18.16,18.65,17.77,1.0,20598.0
18.36,17.58,18.16,18.55,17.68,1.0,20639.0
18.16,17.38,18.26,18.55,17.87,1.0,20679.0
18.26,17.48,18.16,18.55,17.77,1.0,20720.0
18.36,17.58,18.16,18.65,17.68,1.0,20761.0
17.97,17.68,18.16,18.55,17.68,1.0,20801.0
18.16,17.58,18.16,18.46,17.87,1.0,20842.0
18.26,17.58,17.97,18.55,17.77,1.0,20882.0
18.16,17.68,18.26,18.36,17.87,1.0,20923.0
18.07,17.58,17.97,18.36,17.68,1.0,20964.0
17.97,17.77,18.16,18.55,17.68,1.0,21004.0
18.16,17.68,18.36,18.85,17.77,1.0,21045.0
18.26,17.48,18.16,18.55,17.68,1.0,21085.0
18.26,17.58,18.16,18.55,17.77,1.0,21126.0
18.16,17.68,18.26,18.55,17.77,1.0,21167.0
17.97,17.48,18.07,18.55,17.87,1.0,21207.0
18.26,17.58,18.26,18.65,17.77,1.0,21248.0
18.26,17.77,18.16,18.65,17.77,1.0,21288.0
18.07,17.48,18.36,18.75,17.68,1.0,21328.0
18.26,17.68,18.26,18.55,17.77,1.0,21369.0
17.97,17.58,18.16,18.46,17.87,1.0,21409.0
18.26,17.77,18.46,18.46,17.68,1.0,21450.0
18.16,17.87,18.36,18.46,17.58,1.0,21491.0
18.36,17.58,18.26,18.46,17.77,1.0,21531.0
18.16,17.38,18.26,18.26,17.68,1.0,21572.0
17.87,17.48,17.97,18.65,17.77,1.0,21612.0
18.26,17.77,18.36,18.55,17.68,1.0,21653.0
18.07,17.87,18.36,18.75,17.68,1.0,21694.0
18.16,17.58,18.16,18.55,17.58,1.0,21734.0
18.07,17.58,18.16,18.46,17.58,1.0,21775.0
18.07,17.48,18.26,18.46,17.77,1.0,21815.0
18.07,17.48,17.97,18.65,17.68,1.0,21856.0
17.97,17.48,18.07,18.46,17.68,1.0,21897.0
18.07,17.48,18.16,18.75,17.68,1.0,21937.0
18.16,17.48,18.07,18.75,17.77,1.0,21978.0
17.97,17.68,18.16,18.36,17.68,1.0,22019.0
18.16,17.77,18.07,18.36,17.58,1.0,22059.0
18.16,17.77,18.36,18.65,17.77,1.0,22099.0
18.16,17.58,18.36,18.46,17.58,1.0,22139.0
18.07,17.48,18.07,18.65,17.48,1.0,22180.0
18.07,17.58,18.16,18.26,17.38,1.0,22221.0
18.26,17.77,18.26,18.46,17.68,1.0,22261.0
18.16,17.68,18.55,18.55,17.48,1.0,22302.0
18.07,17.68,18.26,18.65,17.68,1.0,22342.0
18.16,17.68,18.36,18.46,17.87,1.0,22383.0
18.26,17.68,18.07,18.46,17.87,1.0,22424.0
17.97,17.58,18.36,18.55,17.68,1.0,22464.0
18.26,17.48,18.26,18.55,17.58,1.0,22505.0
18.36,17.58,18.26,18.46,17.68,1.0,22545.0
18.16,17.77,18.16,18.55,17.87,1.0,22586.0
18.16,17.48,18.16,18.75,17.87,1.0,22627.0
18.16,17.58,18.26,18.36,17.77,1.0,22667.0
18.07,17.58,18.26,18.46,17.97,1.0,22708.0
18.26,17.48,18.16,18.75,18.07,1.0,22748.0
18.26,17.68,18.07,18.46,17.77,1.0,22789.0
18.26,17.58,18.36,18.65,17.77,1.0,22830.0
18.26,17.58,18.07,18.46,17.77,1.0,22870.0
17.87,17.87,18.16,18.65,17.87,1.0,22910.0
18.07,17.77,18.26,18.65,17.58,1.0,22951.0
18.26,17.48,18.26,18.55,17.68,1.0,22991.0
18.16,17.77,18.26,18.65,17.68,1.0,23032.0
18.26,17.38,18.07,18.46,17.68,1.0,23072.0
17.97,17.68,18.16,18.65,17.77,1.0,23113.0
18.16,17.48,18.16,18.85,17.68,1.0,23154.0
18.16,17.58,17.97,18.46,17.58,1.0,23194.0
18.26,17.38,18.16,18.55,17.68,1.0,23235.0
18.07,17.87,18.26,18.46,17.77,1.0,23275.0
18.26,17.58,18.36,18.65,17.87,1.0,23316.0
18.26,17.68,18.26,18.65,17.77,1.0,23357.0
18.16,17.77,18.26,18.55,17.58,1.0,23397.0
18.07,17.68,18.36,18.55,17.68,1.0,23438.0
18.16,17.87,18.46,18.46,17.48,1.0,23478.0
17.97,17.68,18.07,18.36,17.58,1.0,23519.0
18.26,17.58,18.26,18.46,17.77,1.0,23560.0
17.97,17.58,18.16,18.65,17.58,1.0,23600.0
18.36,17.58,18.16,18.46,17.68,1.0,23641.0
18.07,17.48,18.07,18.55,17.58,1.0,23681.0
17.97,17.87,18.07,18.46,17.58,1.0,23721.0
18.26,17.68,18.16,18.55,17.87,1.0,23762.0
18.26,17.48,18.26,18.55,17.58,1.0,23802.0
18.07,17.58,18.07,18.46,17.68,1.0,23843.0
18.26,17.58,18.16,18.65,17.68,1.0,23884.0
17.97,17.87,18.26,18.65,17.87,1.0,23924.0
18.16,17.58,18.16,18.55,17.68,1.0,23965.0
18.26,17.68,18.46,18.36,17.77,1.0,24005.0
18.07,17.58,18.16,18.75,17.77,1.0,24046.0
18.26,17.58,18.07,18.46,17.58,1.0,24087.0
18.07,17.68,18.46,18.55,17.87,1.0,24127.0
18.36,17.68,18.07,18.26,17.68,1.0,24168.0
18.26,17.68,18.26,18.36,17.48,1.0,24208.0
18.16,17.48,18.16,18.55,17.68,1.0,24249.0
18.07,17.58,18.16,18.46,17.48,1.0,24290.0
18.07,17.58,18.16,18.55,17.68,1.0,24330.0
18.26,17.48,18.16,18.65,17.77,1.0,24371.0
18.36,17.68,18.46,18.46,17.87,1.0,24411.0
18.16,17.48,17.87,18.46,17.87,1.0,24452.0
18.26,17.77,18.07,18.46,17.68,1.0,24493.0
18.16,17.58,18.16,18.55,17.58,1.0,24532.0
18.26,17.48,18.16,18.55,17.77,1.0,24573.0
18.26,17.77,18.26,18.75,17.58,1.0,24614.0
18.26,17.77,18.16,18.46,17.58,1.0,24654.0
18.16,17.58,18.16,18.46,17.48,1.0,24695.0
18.16,17.68,18.16,18.55,17.77,1.0,24735.0
18.07,17.48,18.16,18.46,17.77,1.0,24776.0
18.16,17.48,18.07,18.55,17.87,1.0,24817.0
18.07,17.77,18.36,18.46,17.48,1.0,24857.0
18.07,17.48,18.16,18.55,17.97,1.0,24898.0
18.16,17.68,18.46,18.46,17.48,1.0,24938.0
18.36,17.58,18.07,18.55,17.68,1.0,24979.0
18.16,17.58,18.26,18.65,17.87,1.0,25020.0
18.16,17.68,18.36,18.85,17.77,1.0,25060.0
18.36,17.77,18.26,18.55,17.68,1.0,25101.0
18.36,17.58,18.16,18.75,17.68,1.0,25141.0
18.07,17.68,18.16,18.65,17.87,1.0,25182.0
18.16,17.48,17.97,18.65,17.77,1.0,25223.0
18.36,17.48,18.16,18.55,17.77,1.0,25263.0
18.07,17.68,18.26,18.46,17.77,1.0,25304.0
18.16,17.58,18.26,18.55,17.48,1.0,25344.0
18.26,17.68,18.26,18.75,17.77,1.0,25384.0
17.97,17.48,18.26,18.46,17.68,1.0,25425.0
18.07,17.77,18.16,18.65,17.77,1.0,25465.0
18.07,17.77,18.16,18.55,17.58,1.0,25506.0
17.97,17.48,17.97,18.46,17.58,1.0,25547.0
18.26,17.68,18.26,18.85,17.87,1.0,25587.0
18.26,17.68,18.36,18.36,17.87,1.0,25628.0
18.07,17.58,18.26,18.55,17.77,1.0,25668.0
18.26,17.77,18.36,18.65,17.68,1.0,25709.0
18.07,17.58,18.36,18.46,17.58,1.0,25750.0
18.26,17.58,18.07,18.36,17.68,1.0,25790.0
18.16,17.68,18.07,18.46,17.68,1.0,25831.0
18.07,17.58,18.26,18.36,17.77,1.0,25871.0
18.26,17.68,18.16,18.75,17.77,1.0,25912.0
18.16,17.58,18.07,18.55,17.77,1.0,25953.0
18.16,17.38,17.97,18.36,17.97,1.0,25993.0
18.26,17.68,18.07,18.55,17.58,1.0,26034.0
18.07,17.68,18.26,18.36,18.07,1.0,26074.0
17.97,17.58,18.07,18.26,17.58,1.0,26115.0
18.16,17.38,18.16,18.75,17.68,1.0,26156.0
18.26,17.48,18.26,18.75,17.77,1.0,26195.0
18.07,17.68,18.26,18.46,17.77,1.0,26236.0
18.26,17.68,18.26,18.55,17.68,1.0,26276.0
18.26,17.38,18.07,18.46,17.77,1.0,26317.0
18.16,17.87,18.26,18.46,17.87,1.0,26358.0
18.16,17.68,18.26,18.65,17.68,1.0,26398.0
18.16,17.68,17.77,18.75,17.77,1.0,26439.0
18.07,17.58,18.26,18.55,17.68,1.0,26480.0
18.26,17.68,18.07,18.36,17.77,1.0,26520.0
18.07,17.58,18.16,18.46,17.87,1.0,26561.0
17.97,17.68,18.26,18.65,17.87,1.0,26601.0
18.26,17.48,18.07,18.55,17.97,1.0,26642.0
18.07,17.58,18.07,18.36,17.87,1.0,26683.0
18.16,17.48,18.07,18.46,17.68,1.0,26723.0
18.16,17.87,18.07,18.55,17.87,1.0,26764.0
18.07,17.68,18.36,18.55,17.68,1.0,26804.0
18.16,17.58,18.26,18.55,17.77,1.0,26845.0
18.07,17.68,18.16,18.46,17.48,1.0,26886.0
17.87,17.48,18.16,18.55,17.58,1.0,26926.0
18.55,17.68,18.16,18.55,17.68,1.0,26967.0
18.36,17.58,18.07,18.55,17.77,1.0,27006.0
18.26,17.48,18.16,18.36,17.38,1.0,27047.0
18.07,17.68,18.36,18.65,17.77,1.0,27088.0
18.16,17.58,18.07,18.65,17.68,1.0,27128.0
18.36,17.58,18.16,18.46,17.58,1.0,27169.0
18.16,17.68,18.36,18.46,17.58,1.0,27210.0
18.16,17.58,18.16,18.55,17.68,1.0,27250.0
18.36,17.77,18.26,18.65,17.58,1.0,27291.0
18.07,17.68,18.16,18.36,17.58,1.0,27331.0
18.07,17.68,18.26,18.36,17.58,1.0,27372.0
18.26,17.68,18.26,18.75,17.77,1.0,27413.0
18.16,17.68,18.26,18.36,17.58,1.0,27453.0
18.07,17.68,18.26,18.65,17.58,1.0,27494.0
18.16,17.68,18.16,18.65,17.58,1.0,27534.0
18.16,17.68,18.26,18.46,17.68,1.0,27575.0
17.97,17.58,18.26,18.55,17.68,1.0,27616.0
18.55,17.48,18.07,18.36,17.87,1.0,27656.0
18.26,17.68,18.26,18.55,17.68,1.0,27697.0
18.07,17.68,18.36,18.36,17.77,1.0,27737.0
18.26,17.77,18.46,18.65,17.68,1.0,27778.0
18.16,17.48,18.26,18.55,17.68,1.0,27819.0
18.26,17.48,18.07,18.75,17.77,1.0,27858.0
18.26,17.87,18.16,18.55,17.68,1.0,27899.0
18.16,17.58,18.16,18.55,17.68,1.0,27939.0
18.16,17.68,18.07,18.65,17.87,1.0,27980.0
18.16,17.77,18.26,18.65,17.77,1.0,28021.0
18.26,17.48,17.97,18.65,17.87,1.0,28061.0
18.07,17.48,17.97,18.65,17.68,1.0,28102.0
18.26,17.48,18.16,18.55,17.68,1.0,28143.0
18.16,17.58,18.07,18.55,17.68,1.0,28183.0
17.87,17.58,18.16,18.26,17.38,1.0,28224.0
18.07,17.48,18.16,18.65,17.77,1.0,28264.0
17.97,17.68,18.26,18.16,17.48,1.0,28305.0
17.97,17.68,18.26,18.46,17.87,1.0,28346.0
18.26,17.58,18.16,18.65,17.58,1.0,28386.0
18.07,17.48,18.16,18.55,17.58,1.0,28427.0
18.16,17.68,18.26,18.36,17.48,1.0,28467.0
18.26,17.48,18.07,18.46,17.97,1.0,28508.0
17.87,17.48,18.07,18.46,17.77,1.0,28549.0
17.97,17.48,18.07,18.26,17.48,1.0,28589.0
18.16,17.68,18.07,18.65,17.77,1.0,28630.0
18.16,17.58,18.36,18.46,17.48,1.0,28669.0
18.16,17.68,18.36,18.65,17.58,1.0,28710.0
18.16,17.58,18.26,18.65,17.68,1.0,28751.0
18.26,17.68,18.46,18.55,17.77,1.0,28791.0
18.16,17.87,18.26,18.55,17.77,1.0,28832.0
18.26,17.48,18.07,18.46,17.87,1.0,28872.0
18.26,17.68,18.16,18.75,17.77,1.0,28913.0
18.16,17.68,18.16,18.55,17.77,1.0,28954.0
18.16,17.77,18.26,18.36,17.58,1.0,28994.0
18.16,17.68,18.26,18.65,17.77,1.0,29035.0
18.07,17.58,18.16,18.36,17.68,1.0,29076.0
17.77,17.38,18.26,18.36,17.48,1.0,29116.0
17.97,17.68,18.36,18.55,17.77,1.0,29157.0
18.36,17.58,18.26,18.85,17.97,1.0,29197.0
18.26,17.77,18.16,18.46,17.77,1.0,29238.0
18.26,17.68,18.07,18.55,17.87,1.0,29279.0
18.07,17.58,18.07,18.55,17.38,1.0,29319.0
18.16,17.48,17.87,18.55,17.87,1.0,29360.0
18.26,17.58,18.36,18.75,17.77,1.0,29400.0
17.97,17.87,18.26,18.55,17.68,1.0,29441.0
18.16,17.77,18.07,18.65,17.97,1.0,29481.0
18.46,17.77,18.26,18.36,17.68,1.0,29521.0
18.16,17.77,18.16,18.65,17.77,1.0,29562.0
18.07,17.77,18.16,18.46,17.77,1.0,29602.0
18.26,17.58,18.16,18.26,17.58,1.0,29643.0
18.16,17.68,18.16,18.55,17.77,1.0,29684.0
18.16,17.68,18.16,18.46,17.68,1.0,29724.0
18.07,17.38,17.97,18.55,17.48,1.0,29765.0
18.36,17.68,18.16,18.46,17.87,1.0,29806.0
18.26,17.68,18.26,18.46,17.68,1.0,29846.0
18.26,17.58,18.16,18.55,17.58,1.0,29887.0
18.26,17.58,18.36,18.55,17.87,1.0,29927.0
18.36,17.68,18.16,18.36,17.77,1.0,29968.0
18.26,17.48,18.26,18.16,17.97,1.0,30009.0
18.16,17.48,18.07,18.36,17.77,1.0,30049.0
18.26,17.48,18.16,18.55,17.68,1.0,30090.0
18.26,17.68,18.16,18.55,17.77,1.0,30130.0
18.26,17.48,18.26,18.36,17.48,1.0,30171.0
18.26,17.58,17.97,18.55,17.68,1.0,30212.0
18.26,17.58,18.16,18.46,17.68,1.0,30252.0
18.26,17.58,18.07,18.75,17.87,1.0,30292.0
18.26,17.48,18.26,18.55,17.68,1.0,30332.0
18.16,17.68,18.16,18.46,17.68,1.0,30373.0
17.97,17.68,18.16,18.46,17.68,1.0,30414.0
18.26,17.77,18.36,18.55,17.77,1.0,37472.0
18.26,17.48,17.97,18.46,17.87,1.0,37512.0
18.07,17.77,17.97,18.65,17.87,1.0,37553.0
18.07,17.48,18.26,18.46,17.58,1.0,37594.0
18.26,17.68,18.26,18.55,17.68,1.0,37634.0
18.16,17.58,18.16,18.55,17.58,1.0,37675.0
18.07,17.77,18.26,18.55,17.87,1.0,37714.0
18.36,17.48,17.97,18.65,18.07,1.0,37755.0
18.07,17.58,18.16,18.75,17.87,1.0,37796.0
18.16,17.77,18.16,18.36,17.68,1.0,37836.0
18.07,17.68,18.16,18.55,17.68,1.0,37877.0
18.36,17.58,18.26,18.36,17.77,1.0,37917.0
18.16,17.58,18.07,18.46,17.87,1.0,37958.0
18.26,17.68,18.16,18.65,17.77,1.0,37999.0
18.26,17.77,18.07,18.55,17.77,1.0,38039.0
18.16,17.87,18.26,18.65,17.77,1.0,38080.0
17.97,17.68,18.07,18.46,18.07,1.0,38120.0
18.07,17.58,18.36,18.36,17.77,1.0,38161.0
18.07,17.58,18.07,18.55,17.97,1.0,38202.0
18.16,17.48,18.16,18.46,17.68,1.0,38242.0
18.26,17.68,18.16,18.55,17.77,1.0,38283.0
18.07,17.68,18.07,18.46,17.87,1.0,38323.0
18.07,17.58,18.26,18.55,17.87,1.0,38364.0
18.16,17.68,18.16,18.65,17.77,1.0,38405.0
18.36,17.77,18.26,18.55,17.68,1.0,38445.0
18.26,17.68,18.07,18.46,17.68,1.0,38486.0
18.26,17.29,18.16,18.46,17.87,1.0,38526.0
18.07,17.48,18.26,18.65,17.97,1.0,38566.0
18.07,17.58,18.16,18.55,17.87,1.0,38607.0
18.16,17.68,18.16,18.75,17.87,1.0,38647.0
18.26,17.58,18.07,18.65,17.87,1.0,38688.0
18.16,17.58,18.16,18.46,17.58,1.0,38729.0
18.07,17.77,17.97,18.36,17.68,1.0,38769.0
18.26,17.68,18.26,18.46,17.58,1.0,38810.0
17.97,17.68,18.07,18.75,17.87,1.0,38850.0
18.07,17.48,18.07,18.55,17.68,1.0,38891.0
18.16,17.48,18.07,18.55,17.87,1.0,38932.0
17.97,17.68,18.26,18.75,17.68,1.0,38972.0
18.16,17.68,18.16,18.65,17.77,1.0,39013.0
17.97,17.58,17.97,18.46,17.87,1.0,39053.0
17.97,17.68,18.26,18.55,17.68,1.0,39094.0
18.07,17.58,18.36,18.75,17.68,1.0,39135.0
18.36,17.77,18.36,18.75,17.77,1.0,39175.0
18.07,17.68,18.16,18.36,17.97,1.0,39216.0
18.46,17.68,18.36,18.65,17.87,1.0,39256.0
18.26,17.77,18.46,18.65,17.77,1.0,39297.0
18.46,17.58,18.16,18.65,17.97,1.0,39337.0
17.97,17.68,18.16,18.46,17.68,1.0,39377.0
18.16,17.58,18.16,18.46,17.77,1.0,39418.0
18.07,17.68,18.16,18.36,17.77,1.0,39459.0
18.07,17.38,18.16,18.46,17.68,1.0,39499.0
18.26,17.48,18.07,18.65,17.87,1.0,39540.0
18.07,17.77,18.26,18.55,17.87,1.0,39580.0
18.07,17.77,18.07,18.75,17.87,1.0,39621.0
18.36,17.77,18.16,18.65,17.77,1.0,39662.0
18.07,17.58,18.26,18.55,17.77,1.0,39702.0
18.26,17.77,18.07,18.46,17.87,1.0,39743.0
18.07,17.58,17.87,18.75,17.77,1.0,39783.0
18.07,17.68,18.16,18.55,17.58,1.0,39824.0
18.16,17.77,18.36,18.55,17.68,1.0,39865.0
18.46,17.77,18.26,18.75,17.87,1.0,39905.0
18.26,17.68,18.26,18.46,17.68,1.0,39946.0
17.77,17.77,18.26,18.55,17.58,1.0,39986.0
18.16,17.68,18.26,18.46,17.87,1.0,40027.0
18.07,17.68,18.26,18.65,17.77,1.0,40068.0
18.26,17.58,18.16,18.46,17.58,1.0,40108.0
18.16,17.77,18.26,18.75,17.77,1.0,40148.0
18.26,17.58,18.26,18.55,17.68,1.0,40189.0
18.26,17.77,18.36,18.65,17.77,1.0,40229.0
17.97,17.77,18.36,18.55,17.87,1.0,40270.0
18.16,17.68,18.16,18.46,17.58,1.0,40310.0
18.07,17.58,18.16,18.65,17.68,1.0,40351.0
18.26,17.68,18.07,18.46,17.68,1.0,40392.0
17.87,17.48,17.97,18.46,17.68,1.0,40432.0
17.87,17.48,18.26,18.65,17.68,1.0,40473.0
18.16,17.48,18.36,18.55,17.68,1.0,40513.0
18.26,17.68,18.26,18.55,17.77,1.0,40554.0
18.36,17.58,18.16,18.55,17.77,1.0,40595.0
17.87,17.77,18.07,18.55,17.87,1.0,40635.0
18.26,17.77,18.16,18.46,17.77,1.0,40676.0
17.87,17.48,17.97,18.36,17.68,1.0,40716.0
17.87,17.48,17.97,18.65,17.87,1.0,40757.0
17.97,17.48,18.07,18.46,17.97,1.0,40798.0
17.97,17.58,17.97,18.46,17.77,1.0,40838.0
18.26,17.58,18.16,18.65,17.68,1.0,40879.0
17.87,17.48,18.16,18.46,17.77,1.0,40919.0
18.07,17.38,17.97,18.55,17.87,1.0,40960.0
18.16,17.58,18.16,18.55,17.87,1.0,41000.0
18.07,17.38,18.07,18.65,17.77,1.0,41040.0
18.26,17.58,17.87,18.65,17.68,1.0,41081.0
18.16,17.68,18.16,18.75,17.77,1.0,41122.0
18.07,17.58,18.26,18.75,17.77,1.0,41162.0
18.36,17.68,18.16,18.46,17.97,1.0,41203.0
18.07,17.58,18.26,18.55,17.58,1.0,41243.0
18.36,17.58,18.16,18.55,17.68,1.0,41284.0
18.26,17.48,18.16,18.46,17.87,1.0,41325.0
18.36,17.68,18.16,18.46,17.68,1.0,41365.0
18.26,17.58,18.16,18.46,17.87,1.0,41406.0
18.16,17.58,18.16,18.46,17.68,1.0,41446.0
18.16,17.87,18.16,18.65,17.87,1.0,41487.0
18.55,17.58,18.16,18.26,17.58,1.0,41528.0
17.97,17.68,18.36,18.55,17.68,1.0,41568.0
18.16,17.48,18.07,18.65,17.68,1.0,41609.0
17.97,17.68,18.16,18.65,17.97,1.0,41649.0
17.97,17.68,18.07,18.65,17.68,1.0,41690.0
18.07,17.58,18.26,18.46,17.77,1.0,41731.0
18.07,17.48,18.16,18.65,17.87,1.0,41771.0
18.16,17.68,18.26,18.65,17.68,1.0,41811.0
18.16,17.68,18.16,18.46,17.77,1.0,41851.0
18.26,17.68,18.16,18.55,18.07,1.0,41892.0
17.97,17.58,18.07,18.36,17.58,1.0,41933.0
18.36,17.58,18.07,18.55,17.87,1.0,41973.0
18.07,17.38,18.36,18.55,17.68,1.0,42014.0
18.16,17.68,18.46,18.36,17.68,1.0,42055.0
18.16,17.58,18.26,18.55,17.68,1.0,42095.0
18.07,17.68,18.26,18.36,17.77,1.0,42136.0
18.07,17.48,18.26,18.85,17.77,1.0,42176.0
18.26,17.48,18.16,18.55,18.07,1.0,42217.0
18.26,17.77,18.16,18.36,17.68,1.0,42258.0
18.16,17.68,18.26,18.65,17.77,1.0,42298.0
18.07,17.68,18.16,18.55,17.48,1.0,42339.0
18.07,17.68,18.36,18.65,17.48,1.0,42379.0
17.97,17.68,18.16,18.55,17.87,1.0,42420.0
18.16,17.68,18.07,18.65,17.58,1.0,42461.0
18.36,17.77,18.16,18.75,17.68,1.0,42501.0
18.26,17.77,18.26,18.55,17.58,1.0,42542.0
18.16,17.48,18.07,18.55,17.68,1.0,42582.0
17.97,17.58,18.16,18.36,17.48,1.0,42622.0
18.16,17.58,18.07,18.55,17.87,1.0,42663.0
17.97,17.58,18.16,18.55,17.68,1.0,42703.0
18.16,17.48,17.87,18.46,17.97,1.0,42744.0
18.16,17.77,18.16,18.55,17.68,1.0,42785.0
18.16,17.68,18.16,18.65,17.68,1.0,42825.0
18.07,17.48,18.07,18.65,17.87,1.0,42866.0
18.36,17.58,18.16,18.46,17.58,1.0,42906.0
18.07,17.58,18.36,18.46,17.87,1.0,42947.0
18.16,17.68,18.16,18.65,17.87,1.0,42988.0
18.16,17.48,18.07,18.65,17.68,1.0,43028.0
18.07,17.58,18.07,18.55,17.77,1.0,43069.0
17.97,17.48,18.16,18.65,17.87,1.0,43109.0
17.87,17.68,17.97,18.65,17.77,1.0,43150.0
18.16,17.58,18.26,18.75,17.68,1.0,43191.0
18.36,17.48,18.16,18.55,17.77,1.0,43231.0
18.16,17.58,18.16,18.65,17.68,1.0,43272.0
18.16,17.58,18.26,18.85,17.77,1.0,43312.0
18.07,17.77,18.36,18.46,17.87,1.0,43353.0
17.97,17.77,18.26,18.36,17.97,1.0,43394.0
17.97,17.48,17.97,18.55,17.77,1.0,43433.0
18.07,17.68,17.87,18.55,17.77,1.0,43474.0
18.26,17.68,18.26,18.55,17.77,1.0,43514.0
18.16,17.68,18.36,18.65,17.58,1.0,43555.0
18.26,17.68,18.07,18.65,17.77,1.0,43596.0
18.16,17.68,18.16,18.36,17.97,1.0,43636.0
18.26,17.68,18.26,18.75,17.68,1.0,43677.0
18.07,17.58,18.07,18.46,17.97,1.0,43718.0
18.26,17.68,18.16,18.36,17.58,1.0,43758.0
18.26,17.38,18.16,18.46,18.07,1.0,43799.0
17.97,17.48,18.16,18.55,17.87,1.0,43839.0
18.16,17.87,18.07,18.46,17.68,1.0,43880.0
18.16,17.68,18.26,18.55,17.58,1.0,43921.0
18.26,17.58,18.07,18.46,17.87,1.0,43961.0
18.07,17.58,18.07,18.46,17.68,1.0,44002.0
18.16,17.77,18.16,18.46,17.68,1.0,44042.0
18.07,17.58,18.16,18.36,17.87,1.0,44083.0
18.07,17.68,17.97,18.55,17.77,1.0,44124.0
18.16,17.58,18.26,18.65,17.68,1.0,44164.0
18.07,17.58,18.26,18.36,17.87,1.0,44205.0
18.16,17.68,17.97,18.55,17.68,1.0,44244.0
17.87,17.68,18.16,18.46,17.87,1.0,44285.0
18.07,17.58,18.07,18.36,17.58,1.0,44326.0
18.07,17.58,18.36,18.75,17.48,1.0,44366.0
18.07,17.77,17.97,18.55,17.68,1.0,44407.0
18.07,17.77,18.36,18.65,17.77,1.0,44447.0
18.26,17.87,18.16,18.46,17.97,1.0,44488.0
18.07,17.38,18.16,18.65,17.68,1.0,44529.0
18.26,17.77,18.16,18.65,17.68,1.0,44569.0
17.77,17.48,17.87,18.36,17.48,1.0,44610.0
18.07,17.77,18.07,18.55,17.77,1.0,44651.0
18.07,17.68,18.16,18.46,17.77,1.0,44691.0
17.97,17.58,18.16,18.36,17.77,1.0,44732.0
17.77,17.48,17.97,18.55,17.68,1.0,44772.0
18.16,17.68,18.26,18.65,17.68,1.0,44813.0
18.07,17.68,18.26,18.65,17.87,1.0,44854.0
17.97,17.48,18.26,18.75,17.77,1.0,44894.0
18.26,17.58,18.26,18.55,17.87,1.0,44935.0
18.16,17.68,18.26,18.55,17.68,1.0,44975.0
18.07,17.48,18.26,18.65,17.77,1.0,45016.0
18.26,17.58,18.07,18.65,17.87,1.0,45057.0
18.16,17.77,18.26,18.65,17.77,1.0,45096.0
18.16,17.68,18.07,18.46,17.97,1.0,45137.0
18.07,17.48,17.87,18.65,17.38,1.0,45177.0
18.16,17.48,18.07,18.75,17.77,1.0,45218.0
18.07,17.58,18.36,18.46,17.68,1.0,45259.0
18.07,17.87,18.26,18.55,17.68,1.0,45299.0
18.26,17.58,18.07,18.36,17.87,1.0,52519.0
18.16,17.77,18.26,18.46,17.77,1.0,52478.0
